Hour,Stop_id,Trip_type,Train_Type,Train_number,Platform,Passed_Stations,Stations,Arrival,Departure
0,9078302795063254693-2410281410-3,N,RE,22316,1,Nürnberg Hbf|Fürth(Bay)Hbf,Forchheim(Oberfr),2410281425,2410281427
0,-296345365478843191-2410281440-3,N,RE,22330,1,Nürnberg Hbf|Fürth(Bay)Hbf,Forchheim(Oberfr),2410281454,2410281455
0,-4319758693301577938-2410281420-2,N,RE,22317,4,Forchheim(Oberfr),Fürth(Bay)Hbf|Nürnberg Hbf,2410281428,2410281430
0,6857522257565445943-2410281354-2,N,RE,22357,4,Forchheim(Oberfr),Fürth(Bay)Hbf|Nürnberg Hbf,2410281401,2410281403
0,-6088275473535721380-2410281428-5,S,S,39161,3,Forchheim(Oberfr)|Kersbach|Baiersdorf|Bubenreuth,Erlangen Paul-Gossen-Straße|Erlangen-Bruck|Eltersdorf|Vach|Fürth-Klinikum|Fürth(Bay)Hbf|Nürnberg Rothenburger Str.|Nürnberg-Steinbühl|Nürnberg Hbf|Feucht|Feucht Ost|Ochenbruck|Mimberg|Burgthann|Oberferrieden|Postbauer-Heng|Pölling|Neumarkt(Oberpf),2410281440,2410281441
0,-3858757633152382009-2410281312-19,S,S,39156,2,Neumarkt(Oberpf)|Pölling|Postbauer-Heng|Oberferrieden|Burgthann|Mimberg|Ochenbruck|Feucht Ost|Feucht|Nürnberg Hbf|Nürnberg-Steinbühl|Nürnberg Rothenburger Str.|Fürth(Bay)Hbf|Fürth-Klinikum|Vach|Eltersdorf|Erlangen-Bruck|Erlangen Paul-Gossen-Straße,Bubenreuth|Baiersdorf|Kersbach|Forchheim(Oberfr),2410281413,2410281414
0,4109447496250082974-2410281332-19,S,S,39158,2,Neumarkt(Oberpf)|Pölling|Postbauer-Heng|Oberferrieden|Burgthann|Mimberg|Ochenbruck|Feucht Ost|Feucht|Nürnberg Hbf|Nürnberg-Steinbühl|Nürnberg Rothenburger Str.|Fürth(Bay)Hbf|Fürth-Klinikum|Vach|Eltersdorf|Erlangen-Bruck|Erlangen Paul-Gossen-Straße,Bubenreuth|Baiersdorf|Kersbach|Forchheim(Oberfr),2410281434,2410281435
0,4296502975595154446-2410281453-1,S,S,39163,3,null,Erlangen Paul-Gossen-Straße|Erlangen-Bruck|Eltersdorf|Vach|Fürth-Klinikum|Fürth(Bay)Hbf|Nürnberg Rothenburger Str.|Nürnberg-Steinbühl|Nürnberg Hbf,null,2410281453
0,3697171028142584912-2410281406-5,S,S,39159,3,Forchheim(Oberfr)|Kersbach|Baiersdorf|Bubenreuth,Erlangen Paul-Gossen-Straße|Erlangen-Bruck|Eltersdorf|Vach|Fürth-Klinikum|Fürth(Bay)Hbf|Nürnberg Rothenburger Str.|Nürnberg-Steinbühl|Nürnberg Hbf|Feucht|Feucht Ost|Ochenbruck|Mimberg|Burgthann|Oberferrieden|Postbauer-Heng|Pölling|Neumarkt(Oberpf),2410281418,2410281419
1,-7631708315755759577-2410290105-6,null,Bus,39220,,Fürth(Bay)Hbf|Vach|Eltersdorf|Erlangen-Bruck|Erlangen Paul-Gossen-Straße,Bubenreuth|Baiersdorf|Kersbach|Forchheim(Oberfr)|Eggolsheim|Buttenheim|Hirschaid|Strullendorf|Bamberg,2410290141,2410290145
4,5616745853154373137-2410280430-10,S,S,39100,2,Nürnberg Hbf|Nürnberg-Steinbühl|Nürnberg Rothenburger Str.|Fürth(Bay)Hbf|Fürth-Klinikum|Vach|Eltersdorf|Erlangen-Bruck|Erlangen Paul-Gossen-Straße,Bubenreuth|Baiersdorf|Kersbach|Forchheim(Oberfr),2410280454,2410280457
4,-9120589791584748506-2410280428-5,S,S,39101,3,Forchheim(Oberfr)|Kersbach|Baiersdorf|Bubenreuth,Erlangen Paul-Gossen-Straße|Erlangen-Bruck|Eltersdorf|Vach|Fürth-Klinikum|Fürth(Bay)Hbf|Nürnberg Rothenburger Str.|Nürnberg-Steinbühl|Nürnberg Hbf|Feucht|Feucht Ost|Ochenbruck|Mimberg|Burgthann|Oberferrieden|Postbauer-Heng|Pölling|Neumarkt(Oberpf),2410280440,2410280441
5,76419443076431172-2410280509-10,S,S,39104,2,Nürnberg Hbf|Nürnberg-Steinbühl|Nürnberg Rothenburger Str.|Fürth(Bay)Hbf|Fürth-Klinikum|Vach|Eltersdorf|Erlangen-Bruck|Erlangen Paul-Gossen-Straße,Bubenreuth|Baiersdorf|Kersbach|Forchheim(Oberfr),2410280534,2410280535
5,-6640256357249594572-2410280412-19,S,S,39102,2,Neumarkt(Oberpf)|Pölling|Postbauer-Heng|Oberferrieden|Burgthann|Mimberg|Ochenbruck|Feucht Ost|Feucht|Nürnberg Hbf|Nürnberg-Steinbühl|Nürnberg Rothenburger Str.|Fürth(Bay)Hbf|Fürth-Klinikum|Vach|Eltersdorf|Erlangen-Bruck|Erlangen Paul-Gossen-Straße,Bubenreuth|Baiersdorf|Kersbach|Forchheim(Oberfr),2410280513,2410280514
5,227275982489512210-2410280454-2,N,RE,22361,4,Forchheim(Oberfr),Fürth(Bay)Hbf|Nürnberg Hbf,2410280501,2410280502
5,6282654373886969357-2410280529-3,N,RE,22372,1,Nürnberg Hbf|Fürth(Bay)Hbf,Forchheim(Oberfr),2410280544,2410280546
5,-8763422274418718977-2410280528-5,S,S,39107,3,Forchheim(Oberfr)|Kersbach|Baiersdorf|Bubenreuth,Erlangen Paul-Gossen-Straße|Erlangen-Bruck|Eltersdorf|Vach|Fürth-Klinikum|Fürth(Bay)Hbf|Nürnberg Rothenburger Str.|Nürnberg-Steinbühl|Nürnberg Hbf|Feucht|Feucht Ost|Ochenbruck|Mimberg|Burgthann|Oberferrieden|Postbauer-Heng|Pölling|Neumarkt(Oberpf),2410280540,2410280541
5,5773117864158915108-2410280452-19,S,S,39106,2,Neumarkt(Oberpf)|Pölling|Postbauer-Heng|Oberferrieden|Burgthann|Mimberg|Ochenbruck|Feucht Ost|Feucht|Nürnberg Hbf|Nürnberg-Steinbühl|Nürnberg Rothenburger Str.|Fürth(Bay)Hbf|Fürth-Klinikum|Vach|Eltersdorf|Erlangen-Bruck|Erlangen Paul-Gossen-Straße,Bubenreuth|Baiersdorf|Kersbach|Forchheim(Oberfr),2410280554,2410280557
5,-5221664281158548523-2410280506-5,S,S,39105,3,Forchheim(Oberfr)|Kersbach|Baiersdorf|Bubenreuth,Erlangen Paul-Gossen-Straße|Erlangen-Bruck|Eltersdorf|Vach|Fürth-Klinikum|Fürth(Bay)Hbf|Nürnberg Rothenburger Str.|Nürnberg-Steinbühl|Nürnberg Hbf|Feucht|Feucht Ost|Ochenbruck|Mimberg|Burgthann|Oberferrieden|Postbauer-Heng|Pölling|Neumarkt(Oberpf),2410280518,2410280519
5,7491717231550352436-2410280545-5,S,S,39109,3,Forchheim(Oberfr)|Kersbach|Baiersdorf|Bubenreuth,Erlangen Paul-Gossen-Straße|Erlangen-Bruck|Eltersdorf|Vach|Fürth-Klinikum|Fürth(Bay)Hbf|Nürnberg Rothenburger Str.|Nürnberg-Steinbühl|Nürnberg Hbf|Feucht|Feucht Ost|Ochenbruck|Mimberg|Burgthann|Oberferrieden|Postbauer-Heng|Pölling|Neumarkt(Oberpf),2410280558,2410280602
6,-300030854884846622-2410280532-19,S,S,39110,2,Neumarkt(Oberpf)|Pölling|Postbauer-Heng|Oberferrieden|Burgthann|Mimberg|Ochenbruck|Feucht Ost|Feucht|Nürnberg Hbf|Nürnberg-Steinbühl|Nürnberg Rothenburger Str.|Fürth(Bay)Hbf|Fürth-Klinikum|Vach|Eltersdorf|Erlangen-Bruck|Erlangen Paul-Gossen-Straße,Bubenreuth|Baiersdorf|Kersbach|Forchheim(Oberfr),2410280634,2410280635
6,-2276580325369685671-2410280628-3,N,RE,22362,1,Nürnberg Hbf|Fürth(Bay)Hbf,Forchheim(Oberfr),2410280645,2410280647
6,-1761970914599042765-2410280512-19,S,S,39108,2,Neumarkt(Oberpf)|Pölling|Postbauer-Heng|Oberferrieden|Burgthann|Mimberg|Ochenbruck|Feucht Ost|Feucht|Nürnberg Hbf|Nürnberg-Steinbühl|Nürnberg Rothenburger Str.|Fürth(Bay)Hbf|Fürth-Klinikum|Vach|Eltersdorf|Erlangen-Bruck|Erlangen Paul-Gossen-Straße,Bubenreuth|Baiersdorf|Kersbach|Forchheim(Oberfr),2410280613,2410280614
6,3263039055968882263-2410280652-2,N,RE,22363,4,Forchheim(Oberfr),Fürth(Bay)Hbf|Nürnberg Hbf,2410280659,2410280701
6,8178382412603892859-2410280606-5,S,S,39111,3,Forchheim(Oberfr)|Kersbach|Baiersdorf|Bubenreuth,Erlangen Paul-Gossen-Straße|Erlangen-Bruck|Eltersdorf|Vach|Fürth-Klinikum|Fürth(Bay)Hbf|Nürnberg Rothenburger Str.|Nürnberg-Steinbühl|Nürnberg Hbf|Feucht|Feucht Ost|Ochenbruck|Mimberg|Burgthann|Oberferrieden|Postbauer-Heng|Pölling|Neumarkt(Oberpf),2410280618,2410280619
6,-4533642218221086003-2410280619-2,N,RE,22301,4,Forchheim(Oberfr),Fürth(Bay)Hbf|Nürnberg Hbf,2410280627,2410280629
6,2147786669134331658-2410280554-2,N,RE,22341,4,Forchheim(Oberfr),Fürth(Bay)Hbf|Nürnberg Hbf,2410280601,2410280603
6,1985856209304712208-2410280610-3,N,RE,22300,1,Nürnberg Hbf|Fürth(Bay)Hbf,Forchheim(Oberfr),2410280625,2410280627
6,7564939602642369361-2410280628-5,S,S,39113,3,Forchheim(Oberfr)|Kersbach|Baiersdorf|Bubenreuth,Erlangen Paul-Gossen-Straße|Erlangen-Bruck|Eltersdorf|Vach|Fürth-Klinikum|Fürth(Bay)Hbf|Nürnberg Rothenburger Str.|Nürnberg-Steinbühl|Nürnberg Hbf|Feucht|Feucht Ost|Ochenbruck|Mimberg|Burgthann|Oberferrieden|Postbauer-Heng|Pölling|Neumarkt(Oberpf),2410280640,2410280641
6,-8232034301108802905-2410280645-5,S,S,39115,3,Forchheim(Oberfr)|Kersbach|Baiersdorf|Bubenreuth,Erlangen Paul-Gossen-Straße|Erlangen-Bruck|Eltersdorf|Vach|Fürth-Klinikum|Fürth(Bay)Hbf|Nürnberg Rothenburger Str.|Nürnberg-Steinbühl|Nürnberg Hbf|Feucht|Feucht Ost|Ochenbruck|Mimberg|Burgthann|Oberferrieden|Postbauer-Heng|Pölling|Neumarkt(Oberpf),2410280658,2410280700
6,7491717231550352436-2410280545-5,S,S,39109,3,Forchheim(Oberfr)|Kersbach|Baiersdorf|Bubenreuth,Erlangen Paul-Gossen-Straße|Erlangen-Bruck|Eltersdorf|Vach|Fürth-Klinikum|Fürth(Bay)Hbf|Nürnberg Rothenburger Str.|Nürnberg-Steinbühl|Nürnberg Hbf|Feucht|Feucht Ost|Ochenbruck|Mimberg|Burgthann|Oberferrieden|Postbauer-Heng|Pölling|Neumarkt(Oberpf),2410280558,2410280602
6,-6095739792237584977-2410280552-19,S,S,39112,2,Neumarkt(Oberpf)|Pölling|Postbauer-Heng|Oberferrieden|Burgthann|Mimberg|Ochenbruck|Feucht Ost|Feucht|Nürnberg Hbf|Nürnberg-Steinbühl|Nürnberg Rothenburger Str.|Fürth(Bay)Hbf|Fürth-Klinikum|Vach|Eltersdorf|Erlangen-Bruck|Erlangen Paul-Gossen-Straße,Bubenreuth|Baiersdorf|Kersbach|Forchheim(Oberfr),2410280654,2410280657
7,-2455869286088398794-2410280612-19,S,S,39114,2,Neumarkt(Oberpf)|Pölling|Postbauer-Heng|Oberferrieden|Burgthann|Mimberg|Ochenbruck|Feucht Ost|Feucht|Nürnberg Hbf|Nürnberg-Steinbühl|Nürnberg Rothenburger Str.|Fürth(Bay)Hbf|Fürth-Klinikum|Vach|Eltersdorf|Erlangen-Bruck|Erlangen Paul-Gossen-Straße,Bubenreuth|Baiersdorf|Kersbach|Forchheim(Oberfr),2410280713,2410280714
7,2985697078014919992-2410280740-5,S,S,39121,3,Forchheim(Oberfr)|Kersbach|Baiersdorf|Bubenreuth,Erlangen Paul-Gossen-Straße|Erlangen-Bruck|Eltersdorf|Vach|Fürth-Klinikum|Fürth(Bay)Hbf|Nürnberg Rothenburger Str.|Nürnberg-Steinbühl|Nürnberg Hbf,2410280752,2410280753
7,-3661701859733087102-2410280706-5,S,S,39117,3,Forchheim(Oberfr)|Kersbach|Baiersdorf|Bubenreuth,Erlangen Paul-Gossen-Straße|Erlangen-Bruck|Eltersdorf|Vach|Fürth-Klinikum|Fürth(Bay)Hbf|Nürnberg Rothenburger Str.|Nürnberg-Steinbühl|Nürnberg Hbf|Feucht|Feucht Ost|Ochenbruck|Mimberg|Burgthann|Oberferrieden|Postbauer-Heng|Pölling|Neumarkt(Oberpf),2410280718,2410280719
7,-8156853985189250548-2410280728-5,S,S,39119,3,Forchheim(Oberfr)|Kersbach|Baiersdorf|Bubenreuth,Erlangen Paul-Gossen-Straße|Erlangen-Bruck|Eltersdorf|Vach|Fürth-Klinikum|Fürth(Bay)Hbf|Nürnberg Rothenburger Str.|Nürnberg-Steinbühl|Nürnberg Hbf|Feucht|Feucht Ost|Ochenbruck|Mimberg|Burgthann|Oberferrieden|Postbauer-Heng|Pölling|Neumarkt(Oberpf),2410280740,2410280741
7,3263039055968882263-2410280652-2,N,RE,22363,4,Forchheim(Oberfr),Fürth(Bay)Hbf|Nürnberg Hbf,2410280659,2410280701
7,711571425070011510-2410280632-19,S,S,39116,2,Neumarkt(Oberpf)|Pölling|Postbauer-Heng|Oberferrieden|Burgthann|Mimberg|Ochenbruck|Feucht Ost|Feucht|Nürnberg Hbf|Nürnberg-Steinbühl|Nürnberg Rothenburger Str.|Fürth(Bay)Hbf|Fürth-Klinikum|Vach|Eltersdorf|Erlangen-Bruck|Erlangen Paul-Gossen-Straße,Bubenreuth|Baiersdorf|Kersbach|Forchheim(Oberfr),2410280734,2410280735
7,-2166928380422243575-2410280719-2,N,RE,22303,4,Forchheim(Oberfr),Fürth(Bay)Hbf|Nürnberg Hbf,2410280727,2410280729
7,-1558926093266839869-2410280710-3,N,RE,22302,1,Nürnberg Hbf|Fürth(Bay)Hbf,Forchheim(Oberfr),2410280725,2410280727
7,-404542495566470187-2410280738-3,N,RE,22374,1,Nürnberg Hbf|Fürth(Bay)Hbf,Forchheim(Oberfr),2410280752,2410280754
7,-8232034301108802905-2410280645-5,S,S,39115,3,Forchheim(Oberfr)|Kersbach|Baiersdorf|Bubenreuth,Erlangen Paul-Gossen-Straße|Erlangen-Bruck|Eltersdorf|Vach|Fürth-Klinikum|Fürth(Bay)Hbf|Nürnberg Rothenburger Str.|Nürnberg-Steinbühl|Nürnberg Hbf|Feucht|Feucht Ost|Ochenbruck|Mimberg|Burgthann|Oberferrieden|Postbauer-Heng|Pölling|Neumarkt(Oberpf),2410280658,2410280700
8,-5269940306155930597-2410280819-2,N,RE,22305,4,Forchheim(Oberfr),Fürth(Bay)Hbf|Nürnberg Hbf,2410280827,2410280829
8,5721612639333538720-2410280806-5,S,S,39123,3,Forchheim(Oberfr)|Kersbach|Baiersdorf|Bubenreuth,Erlangen Paul-Gossen-Straße|Erlangen-Bruck|Eltersdorf|Vach|Fürth-Klinikum|Fürth(Bay)Hbf|Nürnberg Rothenburger Str.|Nürnberg-Steinbühl|Nürnberg Hbf|Feucht|Feucht Ost|Ochenbruck|Mimberg|Burgthann|Oberferrieden|Postbauer-Heng|Pölling|Neumarkt(Oberpf),2410280818,2410280819
8,6989572736251189669-2410280754-2,N,RE,22351,4,Forchheim(Oberfr),Fürth(Bay)Hbf|Nürnberg Hbf,2410280801,2410280803
8,-3235788552621591503-2410280838-3,N,RE,22364,1,Nürnberg Hbf|Fürth(Bay)Hbf,Forchheim(Oberfr),2410280852,2410280854
8,-4152994691151653968-2410280810-3,N,RE,22304,1,Nürnberg Hbf|Fürth(Bay)Hbf,Forchheim(Oberfr),2410280825,2410280827
8,-757549398927910441-2410280732-19,S,S,39122,2,Neumarkt(Oberpf)|Pölling|Postbauer-Heng|Oberferrieden|Burgthann|Mimberg|Ochenbruck|Feucht Ost|Feucht|Nürnberg Hbf|Nürnberg-Steinbühl|Nürnberg Rothenburger Str.|Fürth(Bay)Hbf|Fürth-Klinikum|Vach|Eltersdorf|Erlangen-Bruck|Erlangen Paul-Gossen-Straße,Bubenreuth|Baiersdorf|Kersbach|Forchheim(Oberfr),2410280834,2410280835
8,-313718060956624569-2410280853-1,S,S,39127,3,null,Erlangen Paul-Gossen-Straße|Erlangen-Bruck|Eltersdorf|Vach|Fürth-Klinikum|Fürth(Bay)Hbf|Nürnberg Rothenburger Str.|Nürnberg-Steinbühl|Nürnberg Hbf,null,2410280853
8,-1230104372488727563-2410280828-5,S,S,39125,3,Forchheim(Oberfr)|Kersbach|Baiersdorf|Bubenreuth,Erlangen Paul-Gossen-Straße|Erlangen-Bruck|Eltersdorf|Vach|Fürth-Klinikum|Fürth(Bay)Hbf|Nürnberg Rothenburger Str.|Nürnberg-Steinbühl|Nürnberg Hbf|Feucht|Feucht Ost|Ochenbruck|Mimberg|Burgthann|Oberferrieden|Postbauer-Heng|Pölling|Neumarkt(Oberpf),2410280840,2410280841
9,-1759803950474775018-2410280928-5,S,S,39131,3,Forchheim(Oberfr)|Kersbach|Baiersdorf|Bubenreuth,Erlangen Paul-Gossen-Straße|Erlangen-Bruck|Eltersdorf|Vach|Fürth-Klinikum|Fürth(Bay)Hbf|Nürnberg Rothenburger Str.|Nürnberg-Steinbühl|Nürnberg Hbf|Feucht|Feucht Ost|Ochenbruck|Mimberg|Burgthann|Oberferrieden|Postbauer-Heng|Pölling|Neumarkt(Oberpf),2410280940,2410280942
9,-7616247727835093691-2410280906-5,S,S,39129,3,Forchheim(Oberfr)|Kersbach|Baiersdorf|Bubenreuth,Erlangen Paul-Gossen-Straße|Erlangen-Bruck|Eltersdorf|Vach|Fürth-Klinikum|Fürth(Bay)Hbf|Nürnberg Rothenburger Str.|Nürnberg-Steinbühl|Nürnberg Hbf|Feucht|Feucht Ost|Ochenbruck|Mimberg|Burgthann|Oberferrieden|Postbauer-Heng|Pölling|Neumarkt(Oberpf),2410280918,2410280919
9,-4317184554013569175-2410280812-19,S,S,39126,2,Neumarkt(Oberpf)|Pölling|Postbauer-Heng|Oberferrieden|Burgthann|Mimberg|Ochenbruck|Feucht Ost|Feucht|Nürnberg Hbf|Nürnberg-Steinbühl|Nürnberg Rothenburger Str.|Fürth(Bay)Hbf|Fürth-Klinikum|Vach|Eltersdorf|Erlangen-Bruck|Erlangen Paul-Gossen-Straße,Bubenreuth|Baiersdorf|Kersbach|Forchheim(Oberfr),2410280913,2410280914
9,3000699117699445524-2410280920-2,N,RE,22307,4,Forchheim(Oberfr),Fürth(Bay)Hbf|Nürnberg Hbf,2410280927,2410280929
9,1156553079358842530-2410280854-2,N,RE,22347,4,Forchheim(Oberfr),Fürth(Bay)Hbf|Nürnberg Hbf,2410280901,2410280903
9,5709186323969707913-2410280910-3,N,RE,22306,1,Nürnberg Hbf|Fürth(Bay)Hbf,Forchheim(Oberfr),2410280925,2410280927
9,-8425657484974142713-2410280938-3,N,RE,22376,1,Nürnberg Hbf|Fürth(Bay)Hbf,Forchheim(Oberfr),2410280952,2410280954
9,1097463591128558983-2410280832-19,S,S,39128,2,Neumarkt(Oberpf)|Pölling|Postbauer-Heng|Oberferrieden|Burgthann|Mimberg|Ochenbruck|Feucht Ost|Feucht|Nürnberg Hbf|Nürnberg-Steinbühl|Nürnberg Rothenburger Str.|Fürth(Bay)Hbf|Fürth-Klinikum|Vach|Eltersdorf|Erlangen-Bruck|Erlangen Paul-Gossen-Straße,Bubenreuth|Baiersdorf|Kersbach|Forchheim(Oberfr),2410280934,2410280935
9,-7412926127104848028-2410280953-1,S,S,39133,3,null,Erlangen Paul-Gossen-Straße|Erlangen-Bruck|Eltersdorf|Vach|Fürth-Klinikum|Fürth(Bay)Hbf|Nürnberg Rothenburger Str.|Nürnberg-Steinbühl|Nürnberg Hbf,null,2410280953
10,-6855033525078663094-2410280954-2,N,RE,22353,4,Forchheim(Oberfr),Fürth(Bay)Hbf|Nürnberg Hbf,2410281001,2410281003
10,1792018567969993078-2410281053-1,S,S,39139,3,null,Erlangen Paul-Gossen-Straße|Erlangen-Bruck|Eltersdorf|Vach|Fürth-Klinikum|Fürth(Bay)Hbf|Nürnberg Rothenburger Str.|Nürnberg-Steinbühl|Nürnberg Hbf,null,2410281053
10,-695901279595069901-2410281020-2,N,RE,22309,4,Forchheim(Oberfr),Fürth(Bay)Hbf|Nürnberg Hbf,2410281028,2410281030
10,-4721638554045254584-2410280912-19,S,S,39132,2,Neumarkt(Oberpf)|Pölling|Postbauer-Heng|Oberferrieden|Burgthann|Mimberg|Ochenbruck|Feucht Ost|Feucht|Nürnberg Hbf|Nürnberg-Steinbühl|Nürnberg Rothenburger Str.|Fürth(Bay)Hbf|Fürth-Klinikum|Vach|Eltersdorf|Erlangen-Bruck|Erlangen Paul-Gossen-Straße,Bubenreuth|Baiersdorf|Kersbach|Forchheim(Oberfr),2410281013,2410281014
10,3126629207188975141-2410281040-3,N,RE,22366,1,Nürnberg Hbf|Fürth(Bay)Hbf,Forchheim(Oberfr),2410281054,2410281055
10,-1687021620302478981-2410280932-19,S,S,39134,2,Neumarkt(Oberpf)|Pölling|Postbauer-Heng|Oberferrieden|Burgthann|Mimberg|Ochenbruck|Feucht Ost|Feucht|Nürnberg Hbf|Nürnberg-Steinbühl|Nürnberg Rothenburger Str.|Fürth(Bay)Hbf|Fürth-Klinikum|Vach|Eltersdorf|Erlangen-Bruck|Erlangen Paul-Gossen-Straße,Bubenreuth|Baiersdorf|Kersbach|Forchheim(Oberfr),2410281034,2410281035
10,7363454306574408371-2410281006-5,S,S,39135,3,Forchheim(Oberfr)|Kersbach|Baiersdorf|Bubenreuth,Erlangen Paul-Gossen-Straße|Erlangen-Bruck|Eltersdorf|Vach|Fürth-Klinikum|Fürth(Bay)Hbf|Nürnberg Rothenburger Str.|Nürnberg-Steinbühl|Nürnberg Hbf|Feucht|Feucht Ost|Ochenbruck|Mimberg|Burgthann|Oberferrieden|Postbauer-Heng|Pölling|Neumarkt(Oberpf),2410281018,2410281019
10,-2369274048609461141-2410281010-3,N,RE,22308,1,Nürnberg Hbf|Fürth(Bay)Hbf,Forchheim(Oberfr),2410281025,2410281027
10,-3363546438963331650-2410281028-5,S,S,39137,3,Forchheim(Oberfr)|Kersbach|Baiersdorf|Bubenreuth,Erlangen Paul-Gossen-Straße|Erlangen-Bruck|Eltersdorf|Vach|Fürth-Klinikum|Fürth(Bay)Hbf|Nürnberg Rothenburger Str.|Nürnberg-Steinbühl|Nürnberg Hbf|Feucht|Feucht Ost|Ochenbruck|Mimberg|Burgthann|Oberferrieden|Postbauer-Heng|Pölling|Neumarkt(Oberpf),2410281040,2410281041
11,-6097491654767957847-2410281054-2,N,RE,22369,4,Forchheim(Oberfr),Fürth(Bay)Hbf|Nürnberg Hbf,2410281101,2410281103
11,8513970141575181917-2410281012-19,S,S,39138,2,Neumarkt(Oberpf)|Pölling|Postbauer-Heng|Oberferrieden|Burgthann|Mimberg|Ochenbruck|Feucht Ost|Feucht|Nürnberg Hbf|Nürnberg-Steinbühl|Nürnberg Rothenburger Str.|Fürth(Bay)Hbf|Fürth-Klinikum|Vach|Eltersdorf|Erlangen-Bruck|Erlangen Paul-Gossen-Straße,Bubenreuth|Baiersdorf|Kersbach|Forchheim(Oberfr),2410281113,2410281114
11,-5083242058065408233-2410281153-1,S,S,39145,3,null,Erlangen Paul-Gossen-Straße|Erlangen-Bruck|Eltersdorf|Vach|Fürth-Klinikum|Fürth(Bay)Hbf|Nürnberg Rothenburger Str.|Nürnberg-Steinbühl|Nürnberg Hbf,null,2410281153
11,-5286638317961904062-2410281120-2,N,RE,22311,4,Forchheim(Oberfr),Fürth(Bay)Hbf|Nürnberg Hbf,2410281127,2410281129
11,5608282353199950029-2410281110-3,N,RE,22310,1,Nürnberg Hbf|Fürth(Bay)Hbf,Forchheim(Oberfr),2410281125,2410281127
11,2868611200308635031-2410281032-19,S,S,39140,2,Neumarkt(Oberpf)|Pölling|Postbauer-Heng|Oberferrieden|Burgthann|Mimberg|Ochenbruck|Feucht Ost|Feucht|Nürnberg Hbf|Nürnberg-Steinbühl|Nürnberg Rothenburger Str.|Fürth(Bay)Hbf|Fürth-Klinikum|Vach|Eltersdorf|Erlangen-Bruck|Erlangen Paul-Gossen-Straße,Bubenreuth|Baiersdorf|Kersbach|Forchheim(Oberfr),2410281134,2410281135
11,575493732006447494-2410281138-3,N,RE,22378,1,Nürnberg Hbf|Fürth(Bay)Hbf,Forchheim(Oberfr),2410281152,2410281154
11,3509693846362420059-2410281128-5,S,S,39143,3,Forchheim(Oberfr)|Kersbach|Baiersdorf|Bubenreuth,Erlangen Paul-Gossen-Straße|Erlangen-Bruck|Eltersdorf|Vach|Fürth-Klinikum|Fürth(Bay)Hbf|Nürnberg Rothenburger Str.|Nürnberg-Steinbühl|Nürnberg Hbf|Feucht|Feucht Ost|Ochenbruck|Mimberg|Burgthann|Oberferrieden|Postbauer-Heng|Pölling|Neumarkt(Oberpf),2410281140,2410281142
11,-1211341458245096772-2410281106-5,S,S,39141,3,Forchheim(Oberfr)|Kersbach|Baiersdorf|Bubenreuth,Erlangen Paul-Gossen-Straße|Erlangen-Bruck|Eltersdorf|Vach|Fürth-Klinikum|Fürth(Bay)Hbf|Nürnberg Rothenburger Str.|Nürnberg-Steinbühl|Nürnberg Hbf|Feucht|Feucht Ost|Ochenbruck|Mimberg|Burgthann|Oberferrieden|Postbauer-Heng|Pölling|Neumarkt(Oberpf),2410281118,2410281119
12,330465541574312731-2410281132-19,S,S,39146,2,Neumarkt(Oberpf)|Pölling|Postbauer-Heng|Oberferrieden|Burgthann|Mimberg|Ochenbruck|Feucht Ost|Feucht|Nürnberg Hbf|Nürnberg-Steinbühl|Nürnberg Rothenburger Str.|Fürth(Bay)Hbf|Fürth-Klinikum|Vach|Eltersdorf|Erlangen-Bruck|Erlangen Paul-Gossen-Straße,Bubenreuth|Baiersdorf|Kersbach|Forchheim(Oberfr),2410281234,2410281235
12,-4968351710867859290-2410281220-2,N,RE,22313,4,Forchheim(Oberfr),Fürth(Bay)Hbf|Nürnberg Hbf,2410281227,2410281229
12,-8369731312404474429-2410281238-3,N,RE,22368,1,Nürnberg Hbf|Fürth(Bay)Hbf,Forchheim(Oberfr),2410281252,2410281254
12,9191210881499485744-2410281154-2,N,RE,22355,4,Forchheim(Oberfr),Fürth(Bay)Hbf|Nürnberg Hbf,2410281201,2410281203
12,-7379199027758021064-2410281210-3,N,RE,22312,1,Nürnberg Hbf|Fürth(Bay)Hbf,Forchheim(Oberfr),2410281225,2410281227
12,1820568598636407878-2410281228-5,S,S,39149,3,Forchheim(Oberfr)|Kersbach|Baiersdorf|Bubenreuth,Erlangen Paul-Gossen-Straße|Erlangen-Bruck|Eltersdorf|Vach|Fürth-Klinikum|Fürth(Bay)Hbf|Nürnberg Rothenburger Str.|Nürnberg-Steinbühl|Nürnberg Hbf|Feucht|Feucht Ost|Ochenbruck|Mimberg|Burgthann|Oberferrieden|Postbauer-Heng|Pölling|Neumarkt(Oberpf),2410281240,2410281241
12,879065410486854120-2410281112-19,S,S,39144,2,Neumarkt(Oberpf)|Pölling|Postbauer-Heng|Oberferrieden|Burgthann|Mimberg|Ochenbruck|Feucht Ost|Feucht|Nürnberg Hbf|Nürnberg-Steinbühl|Nürnberg Rothenburger Str.|Fürth(Bay)Hbf|Fürth-Klinikum|Vach|Eltersdorf|Erlangen-Bruck|Erlangen Paul-Gossen-Straße,Bubenreuth|Baiersdorf|Kersbach|Forchheim(Oberfr),2410281213,2410281214
12,-4937628166783723327-2410281253-1,S,S,39151,3,null,Erlangen Paul-Gossen-Straße|Erlangen-Bruck|Eltersdorf|Vach|Fürth-Klinikum|Fürth(Bay)Hbf|Nürnberg Rothenburger Str.|Nürnberg-Steinbühl|Nürnberg Hbf|Feucht|Feucht Ost|Ochenbruck|Mimberg|Burgthann|Oberferrieden|Postbauer-Heng|Pölling|Neumarkt(Oberpf),null,2410281253
12,6221806661526379719-2410281206-5,S,S,39147,3,Forchheim(Oberfr)|Kersbach|Baiersdorf|Bubenreuth,Erlangen Paul-Gossen-Straße|Erlangen-Bruck|Eltersdorf|Vach|Fürth-Klinikum|Fürth(Bay)Hbf|Nürnberg Rothenburger Str.|Nürnberg-Steinbühl|Nürnberg Hbf|Feucht|Feucht Ost|Ochenbruck|Mimberg|Burgthann|Oberferrieden|Postbauer-Heng|Pölling|Neumarkt(Oberpf),2410281218,2410281219
13,7158239276812073181-2410281310-3,N,RE,22314,1,Nürnberg Hbf|Fürth(Bay)Hbf,Forchheim(Oberfr),2410281325,2410281327
13,-7504127060912174324-2410281232-19,S,S,39152,2,Neumarkt(Oberpf)|Pölling|Postbauer-Heng|Oberferrieden|Burgthann|Mimberg|Ochenbruck|Feucht Ost|Feucht|Nürnberg Hbf|Nürnberg-Steinbühl|Nürnberg Rothenburger Str.|Fürth(Bay)Hbf|Fürth-Klinikum|Vach|Eltersdorf|Erlangen-Bruck|Erlangen Paul-Gossen-Straße,Bubenreuth|Baiersdorf|Kersbach|Forchheim(Oberfr),2410281334,2410281335
13,-2906328738454574800-2410281305-5,S,S,39153,3,Forchheim(Oberfr)|Kersbach|Baiersdorf|Bubenreuth,Erlangen Paul-Gossen-Straße|Erlangen-Bruck|Eltersdorf|Vach|Fürth-Klinikum|Fürth(Bay)Hbf|Nürnberg Rothenburger Str.|Nürnberg-Steinbühl|Nürnberg Hbf|Feucht|Feucht Ost|Ochenbruck|Mimberg|Burgthann|Oberferrieden|Postbauer-Heng|Pölling|Neumarkt(Oberpf),2410281318,2410281319
13,-4184444524699974633-2410281353-1,S,S,39157,3,null,Erlangen Paul-Gossen-Straße|Erlangen-Bruck|Eltersdorf|Vach|Fürth-Klinikum|Fürth(Bay)Hbf|Nürnberg Rothenburger Str.|Nürnberg-Steinbühl|Nürnberg Hbf,null,2410281353
13,-2047128352559089000-2410281320-2,N,RE,22315,4,Forchheim(Oberfr),Fürth(Bay)Hbf|Nürnberg Hbf,2410281327,2410281329
13,-400800082398019993-2410281254-2,N,RE,22371,4,Forchheim(Oberfr),Fürth(Bay)Hbf|Nürnberg Hbf,2410281301,2410281303
13,5528537658712501181-2410281328-5,S,S,39155,3,Forchheim(Oberfr)|Kersbach|Baiersdorf|Bubenreuth,Erlangen Paul-Gossen-Straße|Erlangen-Bruck|Eltersdorf|Vach|Fürth-Klinikum|Fürth(Bay)Hbf|Nürnberg Rothenburger Str.|Nürnberg-Steinbühl|Nürnberg Hbf|Feucht|Feucht Ost|Ochenbruck|Mimberg|Burgthann|Oberferrieden|Postbauer-Heng|Pölling|Neumarkt(Oberpf),2410281340,2410281341
13,-3744033379577437384-2410281212-19,S,S,39150,2,Neumarkt(Oberpf)|Pölling|Postbauer-Heng|Oberferrieden|Burgthann|Mimberg|Ochenbruck|Feucht Ost|Feucht|Nürnberg Hbf|Nürnberg-Steinbühl|Nürnberg Rothenburger Str.|Fürth(Bay)Hbf|Fürth-Klinikum|Vach|Eltersdorf|Erlangen-Bruck|Erlangen Paul-Gossen-Straße,Bubenreuth|Baiersdorf|Kersbach|Forchheim(Oberfr),2410281313,2410281314
13,9066749197591163266-2410281338-3,N,RE,22340,1,Nürnberg Hbf|Fürth(Bay)Hbf,Forchheim(Oberfr),2410281352,2410281354
14,9078302795063254693-2410281410-3,N,RE,22316,1,Nürnberg Hbf|Fürth(Bay)Hbf,Forchheim(Oberfr),2410281425,2410281427
14,-296345365478843191-2410281440-3,N,RE,22330,1,Nürnberg Hbf|Fürth(Bay)Hbf,Forchheim(Oberfr),2410281454,2410281455
14,-4319758693301577938-2410281420-2,N,RE,22317,4,Forchheim(Oberfr),Fürth(Bay)Hbf|Nürnberg Hbf,2410281428,2410281430
14,6857522257565445943-2410281354-2,N,RE,22357,4,Forchheim(Oberfr),Fürth(Bay)Hbf|Nürnberg Hbf,2410281401,2410281403
14,-6088275473535721380-2410281428-5,S,S,39161,3,Forchheim(Oberfr)|Kersbach|Baiersdorf|Bubenreuth,Erlangen Paul-Gossen-Straße|Erlangen-Bruck|Eltersdorf|Vach|Fürth-Klinikum|Fürth(Bay)Hbf|Nürnberg Rothenburger Str.|Nürnberg-Steinbühl|Nürnberg Hbf|Feucht|Feucht Ost|Ochenbruck|Mimberg|Burgthann|Oberferrieden|Postbauer-Heng|Pölling|Neumarkt(Oberpf),2410281440,2410281441
14,-3858757633152382009-2410281312-19,S,S,39156,2,Neumarkt(Oberpf)|Pölling|Postbauer-Heng|Oberferrieden|Burgthann|Mimberg|Ochenbruck|Feucht Ost|Feucht|Nürnberg Hbf|Nürnberg-Steinbühl|Nürnberg Rothenburger Str.|Fürth(Bay)Hbf|Fürth-Klinikum|Vach|Eltersdorf|Erlangen-Bruck|Erlangen Paul-Gossen-Straße,Bubenreuth|Baiersdorf|Kersbach|Forchheim(Oberfr),2410281413,2410281414
14,4109447496250082974-2410281332-19,S,S,39158,2,Neumarkt(Oberpf)|Pölling|Postbauer-Heng|Oberferrieden|Burgthann|Mimberg|Ochenbruck|Feucht Ost|Feucht|Nürnberg Hbf|Nürnberg-Steinbühl|Nürnberg Rothenburger Str.|Fürth(Bay)Hbf|Fürth-Klinikum|Vach|Eltersdorf|Erlangen-Bruck|Erlangen Paul-Gossen-Straße,Bubenreuth|Baiersdorf|Kersbach|Forchheim(Oberfr),2410281434,2410281435
14,4296502975595154446-2410281453-1,S,S,39163,3,null,Erlangen Paul-Gossen-Straße|Erlangen-Bruck|Eltersdorf|Vach|Fürth-Klinikum|Fürth(Bay)Hbf|Nürnberg Rothenburger Str.|Nürnberg-Steinbühl|Nürnberg Hbf,null,2410281453
14,3697171028142584912-2410281406-5,S,S,39159,3,Forchheim(Oberfr)|Kersbach|Baiersdorf|Bubenreuth,Erlangen Paul-Gossen-Straße|Erlangen-Bruck|Eltersdorf|Vach|Fürth-Klinikum|Fürth(Bay)Hbf|Nürnberg Rothenburger Str.|Nürnberg-Steinbühl|Nürnberg Hbf|Feucht|Feucht Ost|Ochenbruck|Mimberg|Burgthann|Oberferrieden|Postbauer-Heng|Pölling|Neumarkt(Oberpf),2410281418,2410281419
15,-1864002834291117176-2410281553-1,S,S,39169,3,null,Erlangen Paul-Gossen-Straße|Erlangen-Bruck|Eltersdorf|Vach|Fürth-Klinikum|Fürth(Bay)Hbf|Nürnberg Rothenburger Str.|Nürnberg-Steinbühl|Nürnberg Hbf|Feucht|Feucht Ost|Ochenbruck|Mimberg|Burgthann|Oberferrieden|Postbauer-Heng|Pölling|Neumarkt(Oberpf),null,2410281553
15,2013138247468739751-2410281412-19,S,S,39162,2,Neumarkt(Oberpf)|Pölling|Postbauer-Heng|Oberferrieden|Burgthann|Mimberg|Ochenbruck|Feucht Ost|Feucht|Nürnberg Hbf|Nürnberg-Steinbühl|Nürnberg Rothenburger Str.|Fürth(Bay)Hbf|Fürth-Klinikum|Vach|Eltersdorf|Erlangen-Bruck|Erlangen Paul-Gossen-Straße,Bubenreuth|Baiersdorf|Kersbach|Forchheim(Oberfr),2410281513,2410281514
15,-6446251731901455613-2410281520-2,N,RE,22319,4,Forchheim(Oberfr),Fürth(Bay)Hbf|Nürnberg Hbf,2410281527,2410281529
15,7685191619008979772-2410281505-5,S,S,39165,3,Forchheim(Oberfr)|Kersbach|Baiersdorf|Bubenreuth,Erlangen Paul-Gossen-Straße|Erlangen-Bruck|Eltersdorf|Vach|Fürth-Klinikum|Fürth(Bay)Hbf|Nürnberg Rothenburger Str.|Nürnberg-Steinbühl|Nürnberg Hbf|Feucht|Feucht Ost|Ochenbruck|Mimberg|Burgthann|Oberferrieden|Postbauer-Heng|Pölling|Neumarkt(Oberpf),2410281518,2410281519
15,8478652736341758158-2410281510-3,N,RE,22318,1,Nürnberg Hbf|Fürth(Bay)Hbf,Forchheim(Oberfr),2410281525,2410281527
15,-430026833847315720-2410281530-10,S,S,39166,2,Nürnberg Hbf|Nürnberg-Steinbühl|Nürnberg Rothenburger Str.|Fürth(Bay)Hbf|Fürth-Klinikum|Vach|Eltersdorf|Erlangen-Bruck|Erlangen Paul-Gossen-Straße,Bubenreuth|Baiersdorf|Kersbach|Forchheim(Oberfr),2410281554,2410281557
15,-8781924637552749003-2410281454-2,N,RE,22373,4,Forchheim(Oberfr),Fürth(Bay)Hbf|Nürnberg Hbf,2410281501,2410281503
15,-2553223761136844034-2410281432-19,S,S,39164,2,Neumarkt(Oberpf)|Pölling|Postbauer-Heng|Oberferrieden|Burgthann|Mimberg|Ochenbruck|Feucht Ost|Feucht|Nürnberg Hbf|Nürnberg-Steinbühl|Nürnberg Rothenburger Str.|Fürth(Bay)Hbf|Fürth-Klinikum|Vach|Eltersdorf|Erlangen-Bruck|Erlangen Paul-Gossen-Straße,Bubenreuth|Baiersdorf|Kersbach|Forchheim(Oberfr),2410281534,2410281535
15,-2990395607997721799-2410281538-3,N,RE,22342,1,Nürnberg Hbf|Fürth(Bay)Hbf,Forchheim(Oberfr),2410281552,2410281554
15,-8995751878340653199-2410281528-5,S,S,39167,3,Forchheim(Oberfr)|Kersbach|Baiersdorf|Bubenreuth,Erlangen Paul-Gossen-Straße|Erlangen-Bruck|Eltersdorf|Vach|Fürth-Klinikum|Fürth(Bay)Hbf|Nürnberg Rothenburger Str.|Nürnberg-Steinbühl|Nürnberg Hbf|Feucht|Feucht Ost|Ochenbruck|Mimberg|Burgthann|Oberferrieden|Postbauer-Heng|Pölling|Neumarkt(Oberpf),2410281540,2410281542
16,-5707640169934959152-2410281606-5,S,S,39171,3,Forchheim(Oberfr)|Kersbach|Baiersdorf|Bubenreuth,Erlangen Paul-Gossen-Straße|Erlangen-Bruck|Eltersdorf|Vach|Fürth-Klinikum|Fürth(Bay)Hbf|Nürnberg Rothenburger Str.|Nürnberg-Steinbühl|Nürnberg Hbf|Feucht|Feucht Ost|Ochenbruck|Mimberg|Burgthann|Oberferrieden|Postbauer-Heng|Pölling|Neumarkt(Oberpf),2410281618,2410281619
16,5043163056641255079-2410281610-3,N,RE,22320,1,Nürnberg Hbf|Fürth(Bay)Hbf,Forchheim(Oberfr),2410281625,2410281627
16,5756988680542594168-2410281620-2,N,RE,22321,4,Forchheim(Oberfr),Fürth(Bay)Hbf|Nürnberg Hbf,2410281627,2410281629
16,-7654123972223240230-2410281630-10,S,S,39172,2,Nürnberg Hbf|Nürnberg-Steinbühl|Nürnberg Rothenburger Str.|Fürth(Bay)Hbf|Fürth-Klinikum|Vach|Eltersdorf|Erlangen-Bruck|Erlangen Paul-Gossen-Straße,Bubenreuth|Baiersdorf|Kersbach|Forchheim(Oberfr),2410281654,2410281657
16,9068343725819662580-2410281532-19,S,S,39170,2,Neumarkt(Oberpf)|Pölling|Postbauer-Heng|Oberferrieden|Burgthann|Mimberg|Ochenbruck|Feucht Ost|Feucht|Nürnberg Hbf|Nürnberg-Steinbühl|Nürnberg Rothenburger Str.|Fürth(Bay)Hbf|Fürth-Klinikum|Vach|Eltersdorf|Erlangen-Bruck|Erlangen Paul-Gossen-Straße,Bubenreuth|Baiersdorf|Kersbach|Forchheim(Oberfr),2410281634,2410281635
16,-6403359143426649286-2410281628-5,S,S,39173,3,Forchheim(Oberfr)|Kersbach|Baiersdorf|Bubenreuth,Erlangen Paul-Gossen-Straße|Erlangen-Bruck|Eltersdorf|Vach|Fürth-Klinikum|Fürth(Bay)Hbf|Nürnberg Rothenburger Str.|Nürnberg-Steinbühl|Nürnberg Hbf|Feucht|Feucht Ost|Ochenbruck|Mimberg|Burgthann|Oberferrieden|Postbauer-Heng|Pölling|Neumarkt(Oberpf),2410281640,2410281641
16,8314728135667984024-2410281512-19,S,S,39168,2,Neumarkt(Oberpf)|Pölling|Postbauer-Heng|Oberferrieden|Burgthann|Mimberg|Ochenbruck|Feucht Ost|Feucht|Nürnberg Hbf|Nürnberg-Steinbühl|Nürnberg Rothenburger Str.|Fürth(Bay)Hbf|Fürth-Klinikum|Vach|Eltersdorf|Erlangen-Bruck|Erlangen Paul-Gossen-Straße,Bubenreuth|Baiersdorf|Kersbach|Forchheim(Oberfr),2410281613,2410281614
16,5892770901949477081-2410281638-3,N,RE,22332,1,Nürnberg Hbf|Fürth(Bay)Hbf,Forchheim(Oberfr),2410281652,2410281654
16,2031770989991666166-2410281640-5,S,S,39175,3,Forchheim(Oberfr)|Kersbach|Baiersdorf|Bubenreuth,Erlangen Paul-Gossen-Straße|Erlangen-Bruck|Eltersdorf|Vach|Fürth-Klinikum|Fürth(Bay)Hbf|Nürnberg Rothenburger Str.|Nürnberg-Steinbühl|Nürnberg Hbf|Feucht|Feucht Ost|Ochenbruck|Mimberg|Burgthann|Oberferrieden|Postbauer-Heng|Pölling|Neumarkt(Oberpf),2410281652,2410281653
16,-5904617580863997838-2410281554-2,N,RE,22359,4,Forchheim(Oberfr),Fürth(Bay)Hbf|Nürnberg Hbf,2410281601,2410281603
17,-5025229199347109576-2410281652-19,S,S,39178,2,Neumarkt(Oberpf)|Pölling|Postbauer-Heng|Oberferrieden|Burgthann|Mimberg|Ochenbruck|Feucht Ost|Feucht|Nürnberg Hbf|Nürnberg-Steinbühl|Nürnberg Rothenburger Str.|Fürth(Bay)Hbf|Fürth-Klinikum|Vach|Eltersdorf|Erlangen-Bruck|Erlangen Paul-Gossen-Straße,Bubenreuth|Baiersdorf|Kersbach|Forchheim(Oberfr),2410281754,2410281757
17,-5586134168244421516-2410281654-2,N,RE,22375,4,Forchheim(Oberfr),Fürth(Bay)Hbf|Nürnberg Hbf,2410281701,2410281703
17,2832574724293271171-2410281632-19,S,S,39176,2,Neumarkt(Oberpf)|Pölling|Postbauer-Heng|Oberferrieden|Burgthann|Mimberg|Ochenbruck|Feucht Ost|Feucht|Nürnberg Hbf|Nürnberg-Steinbühl|Nürnberg Rothenburger Str.|Fürth(Bay)Hbf|Fürth-Klinikum|Vach|Eltersdorf|Erlangen-Bruck|Erlangen Paul-Gossen-Straße,Bubenreuth|Baiersdorf|Kersbach|Forchheim(Oberfr),2410281734,2410281735
17,-425054641866336399-2410281740-5,S,S,39181,3,Forchheim(Oberfr)|Kersbach|Baiersdorf|Bubenreuth,Erlangen Paul-Gossen-Straße|Erlangen-Bruck|Eltersdorf|Vach|Fürth-Klinikum|Fürth(Bay)Hbf|Nürnberg Rothenburger Str.|Nürnberg-Steinbühl|Nürnberg Hbf|Feucht|Feucht Ost|Ochenbruck|Mimberg|Burgthann|Oberferrieden|Postbauer-Heng|Pölling|Neumarkt(Oberpf),2410281752,2410281753
17,309242935927658393-2410281728-5,S,S,39179,3,Forchheim(Oberfr)|Kersbach|Baiersdorf|Bubenreuth,Erlangen Paul-Gossen-Straße|Erlangen-Bruck|Eltersdorf|Vach|Fürth-Klinikum|Fürth(Bay)Hbf|Nürnberg Rothenburger Str.|Nürnberg-Steinbühl|Nürnberg Hbf|Feucht|Feucht Ost|Ochenbruck|Mimberg|Burgthann|Oberferrieden|Postbauer-Heng|Pölling|Neumarkt(Oberpf),2410281740,2410281742
17,4460177971414361190-2410281720-2,N,RE,22323,4,Forchheim(Oberfr),Fürth(Bay)Hbf|Nürnberg Hbf,2410281727,2410281729
17,8666048551767367949-2410281740-3,N,RE,22344,1,Nürnberg Hbf|Fürth(Bay)Hbf,Forchheim(Oberfr),2410281754,2410281756
17,-346609625048630176-2410281706-5,S,S,39177,3,Forchheim(Oberfr)|Kersbach|Baiersdorf|Bubenreuth,Erlangen Paul-Gossen-Straße|Erlangen-Bruck|Eltersdorf|Vach|Fürth-Klinikum|Fürth(Bay)Hbf|Nürnberg Rothenburger Str.|Nürnberg-Steinbühl|Nürnberg Hbf|Feucht|Feucht Ost|Ochenbruck|Mimberg|Burgthann|Oberferrieden|Postbauer-Heng|Pölling|Neumarkt(Oberpf),2410281718,2410281719
17,7419071041258224906-2410281710-3,N,RE,22322,1,Nürnberg Hbf|Fürth(Bay)Hbf,Forchheim(Oberfr),2410281725,2410281727
17,7727925195198559712-2410281612-19,S,S,39174,2,Neumarkt(Oberpf)|Pölling|Postbauer-Heng|Oberferrieden|Burgthann|Mimberg|Ochenbruck|Feucht Ost|Feucht|Nürnberg Hbf|Nürnberg-Steinbühl|Nürnberg Rothenburger Str.|Fürth(Bay)Hbf|Fürth-Klinikum|Vach|Eltersdorf|Erlangen-Bruck|Erlangen Paul-Gossen-Straße,Bubenreuth|Baiersdorf|Kersbach|Forchheim(Oberfr),2410281713,2410281714
18,3092977352164132927-2410281732-19,S,S,39182,2,Neumarkt(Oberpf)|Pölling|Postbauer-Heng|Oberferrieden|Burgthann|Mimberg|Ochenbruck|Feucht Ost|Feucht|Nürnberg Hbf|Nürnberg-Steinbühl|Nürnberg Rothenburger Str.|Fürth(Bay)Hbf|Fürth-Klinikum|Vach|Eltersdorf|Erlangen-Bruck|Erlangen Paul-Gossen-Straße,Bubenreuth|Baiersdorf|Kersbach|Forchheim(Oberfr),2410281834,2410281835
18,-3234772275442577609-2410281806-5,S,S,39183,3,Forchheim(Oberfr)|Kersbach|Baiersdorf|Bubenreuth,Erlangen Paul-Gossen-Straße|Erlangen-Bruck|Eltersdorf|Vach|Fürth-Klinikum|Fürth(Bay)Hbf|Nürnberg Rothenburger Str.|Nürnberg-Steinbühl|Nürnberg Hbf|Feucht|Feucht Ost|Ochenbruck|Mimberg|Burgthann|Oberferrieden|Postbauer-Heng|Pölling|Neumarkt(Oberpf),2410281818,2410281819
18,918758978157630951-2410281752-19,S,S,39184,2,Neumarkt(Oberpf)|Pölling|Postbauer-Heng|Oberferrieden|Burgthann|Mimberg|Ochenbruck|Feucht Ost|Feucht|Nürnberg Hbf|Nürnberg-Steinbühl|Nürnberg Rothenburger Str.|Fürth(Bay)Hbf|Fürth-Klinikum|Vach|Eltersdorf|Erlangen-Bruck|Erlangen Paul-Gossen-Straße,Bubenreuth|Baiersdorf|Kersbach|Forchheim(Oberfr),2410281854,2410281857
18,-8621707245738202863-2410281840-5,S,S,39187,3,Forchheim(Oberfr)|Kersbach|Baiersdorf|Bubenreuth,Erlangen Paul-Gossen-Straße|Erlangen-Bruck|Eltersdorf|Vach|Fürth-Klinikum|Fürth(Bay)Hbf|Nürnberg Rothenburger Str.|Nürnberg-Steinbühl|Nürnberg Hbf,2410281852,2410281853
18,5758277478614795558-2410281754-2,N,RE,22339,4,Forchheim(Oberfr),Fürth(Bay)Hbf|Nürnberg Hbf,2410281801,2410281803
18,4187167643893746126-2410281838-3,N,RE,22334,1,Nürnberg Hbf|Fürth(Bay)Hbf,Forchheim(Oberfr),2410281852,2410281854
18,-9024274248144044579-2410281712-19,S,S,39180,2,Neumarkt(Oberpf)|Pölling|Postbauer-Heng|Oberferrieden|Burgthann|Mimberg|Ochenbruck|Feucht Ost|Feucht|Nürnberg Hbf|Nürnberg-Steinbühl|Nürnberg Rothenburger Str.|Fürth(Bay)Hbf|Fürth-Klinikum|Vach|Eltersdorf|Erlangen-Bruck|Erlangen Paul-Gossen-Straße,Bubenreuth|Baiersdorf|Kersbach|Forchheim(Oberfr),2410281813,2410281814
18,9135627335669300459-2410281829-5,S,S,39185,3,Forchheim(Oberfr)|Kersbach|Baiersdorf|Bubenreuth,Erlangen Paul-Gossen-Straße|Erlangen-Bruck|Eltersdorf|Vach|Fürth-Klinikum|Fürth(Bay)Hbf|Nürnberg Rothenburger Str.|Nürnberg-Steinbühl|Nürnberg Hbf|Feucht|Feucht Ost|Ochenbruck|Mimberg|Burgthann|Oberferrieden|Postbauer-Heng|Pölling|Neumarkt(Oberpf),2410281841,2410281842
18,-2207317055693254340-2410281810-3,N,RE,22324,1,Nürnberg Hbf|Fürth(Bay)Hbf,Forchheim(Oberfr),2410281825,2410281827
18,141321496036514962-2410281820-2,N,RE,22325,4,Forchheim(Oberfr),Fürth(Bay)Hbf|Nürnberg Hbf,2410281829,2410281831
19,4105235306383723998-2410281832-19,S,S,39188,2,Neumarkt(Oberpf)|Pölling|Postbauer-Heng|Oberferrieden|Burgthann|Mimberg|Ochenbruck|Feucht Ost|Feucht|Nürnberg Hbf|Nürnberg-Steinbühl|Nürnberg Rothenburger Str.|Fürth(Bay)Hbf|Fürth-Klinikum|Vach|Eltersdorf|Erlangen-Bruck|Erlangen Paul-Gossen-Straße,Bubenreuth|Baiersdorf|Kersbach|Forchheim(Oberfr),2410281934,2410281935
19,1752210416580988014-2410281940-5,S,S,39193,3,Forchheim(Oberfr)|Kersbach|Baiersdorf|Bubenreuth,Erlangen Paul-Gossen-Straße|Erlangen-Bruck|Eltersdorf|Vach|Fürth-Klinikum|Fürth(Bay)Hbf|Nürnberg Rothenburger Str.|Nürnberg-Steinbühl|Nürnberg Hbf,2410281952,2410281953
19,414963287404965294-2410281938-3,N,RE,22346,1,Nürnberg Hbf|Fürth(Bay)Hbf,Forchheim(Oberfr),2410281952,2410281954
19,1845973413569828335-2410281928-5,S,S,39191,3,Forchheim(Oberfr)|Kersbach|Baiersdorf|Bubenreuth,Erlangen Paul-Gossen-Straße|Erlangen-Bruck|Eltersdorf|Vach|Fürth-Klinikum|Fürth(Bay)Hbf|Nürnberg Rothenburger Str.|Nürnberg-Steinbühl|Nürnberg Hbf|Feucht|Feucht Ost|Ochenbruck|Mimberg|Burgthann|Oberferrieden|Postbauer-Heng|Pölling|Neumarkt(Oberpf),2410281940,2410281941
19,-9126288454994267930-2410281906-5,S,S,39189,3,Forchheim(Oberfr)|Kersbach|Baiersdorf|Bubenreuth,Erlangen Paul-Gossen-Straße|Erlangen-Bruck|Eltersdorf|Vach|Fürth-Klinikum|Fürth(Bay)Hbf|Nürnberg Rothenburger Str.|Nürnberg-Steinbühl|Nürnberg Hbf|Feucht|Feucht Ost|Ochenbruck|Mimberg|Burgthann|Oberferrieden|Postbauer-Heng|Pölling|Neumarkt(Oberpf),2410281918,2410281919
19,2382670990899368373-2410281852-19,S,S,39190,2,Neumarkt(Oberpf)|Pölling|Postbauer-Heng|Oberferrieden|Burgthann|Mimberg|Ochenbruck|Feucht Ost|Feucht|Nürnberg Hbf|Nürnberg-Steinbühl|Nürnberg Rothenburger Str.|Fürth(Bay)Hbf|Fürth-Klinikum|Vach|Eltersdorf|Erlangen-Bruck|Erlangen Paul-Gossen-Straße,Bubenreuth|Baiersdorf|Kersbach|Forchheim(Oberfr),2410281954,2410281957
19,6235326817218556854-2410281920-2,N,RE,22327,4,Forchheim(Oberfr),Fürth(Bay)Hbf|Nürnberg Hbf,2410281927,2410281929
19,-4305333205831426679-2410281812-19,S,S,39186,2,Neumarkt(Oberpf)|Pölling|Postbauer-Heng|Oberferrieden|Burgthann|Mimberg|Ochenbruck|Feucht Ost|Feucht|Nürnberg Hbf|Nürnberg-Steinbühl|Nürnberg Rothenburger Str.|Fürth(Bay)Hbf|Fürth-Klinikum|Vach|Eltersdorf|Erlangen-Bruck|Erlangen Paul-Gossen-Straße,Bubenreuth|Baiersdorf|Kersbach|Forchheim(Oberfr),2410281913,2410281914
19,-7306132388276561051-2410281910-3,N,RE,22326,1,Nürnberg Hbf|Fürth(Bay)Hbf,Forchheim(Oberfr),2410281925,2410281927
19,7094404036676255157-2410281854-2,N,RE,22377,4,Forchheim(Oberfr),Fürth(Bay)Hbf|Nürnberg Hbf,2410281901,2410281903
20,-4495099019180253689-2410281932-19,S,S,39194,2,Neumarkt(Oberpf)|Pölling|Postbauer-Heng|Oberferrieden|Burgthann|Mimberg|Ochenbruck|Feucht Ost|Feucht|Nürnberg Hbf|Nürnberg-Steinbühl|Nürnberg Rothenburger Str.|Fürth(Bay)Hbf|Fürth-Klinikum|Vach|Eltersdorf|Erlangen-Bruck|Erlangen Paul-Gossen-Straße,Bubenreuth|Baiersdorf|Kersbach|Forchheim(Oberfr),2410282034,2410282035
20,3294549086294805648-2410282006-5,S,S,39195,3,Forchheim(Oberfr)|Kersbach|Baiersdorf|Bubenreuth,Erlangen Paul-Gossen-Straße|Erlangen-Bruck|Eltersdorf|Vach|Fürth-Klinikum|Fürth(Bay)Hbf|Nürnberg Rothenburger Str.|Nürnberg-Steinbühl|Nürnberg Hbf|Feucht|Feucht Ost|Ochenbruck|Mimberg|Burgthann|Oberferrieden|Postbauer-Heng|Pölling|Neumarkt(Oberpf),2410282018,2410282019
20,3326198688546362557-2410282028-5,S,S,39197,3,Forchheim(Oberfr)|Kersbach|Baiersdorf|Bubenreuth,Erlangen Paul-Gossen-Straße|Erlangen-Bruck|Eltersdorf|Vach|Fürth-Klinikum|Fürth(Bay)Hbf|Nürnberg Rothenburger Str.|Nürnberg-Steinbühl|Nürnberg Hbf|Feucht|Feucht Ost|Ochenbruck|Mimberg|Burgthann|Oberferrieden|Postbauer-Heng|Pölling|Neumarkt(Oberpf),2410282040,2410282041
20,1972894134900307604-2410281912-19,S,S,39192,2,Neumarkt(Oberpf)|Pölling|Postbauer-Heng|Oberferrieden|Burgthann|Mimberg|Ochenbruck|Feucht Ost|Feucht|Nürnberg Hbf|Nürnberg-Steinbühl|Nürnberg Rothenburger Str.|Fürth(Bay)Hbf|Fürth-Klinikum|Vach|Eltersdorf|Erlangen-Bruck|Erlangen Paul-Gossen-Straße,Bubenreuth|Baiersdorf|Kersbach|Forchheim(Oberfr),2410282013,2410282014
20,-5138911552103178981-2410282040-5,S,S,39199,3,Forchheim(Oberfr)|Kersbach|Baiersdorf|Bubenreuth,Erlangen Paul-Gossen-Straße|Erlangen-Bruck|Eltersdorf|Vach|Fürth-Klinikum|Fürth(Bay)Hbf|Nürnberg Rothenburger Str.|Nürnberg-Steinbühl|Nürnberg Hbf,2410282052,2410282053
20,2934329735010760722-2410282020-2,N,RE,22329,4,Forchheim(Oberfr),Fürth(Bay)Hbf|Nürnberg Hbf,2410282027,2410282029
20,-1678976939166510416-2410282038-3,N,RE,22336,1,Nürnberg Hbf|Fürth(Bay)Hbf,Forchheim(Oberfr),2410282052,2410282054
20,4482929121549960846-2410281954-2,N,RE,22333,4,Forchheim(Oberfr),Fürth(Bay)Hbf|Nürnberg Hbf,2410282001,2410282003
20,695588575495343481-2410282010-3,N,RE,22328,1,Nürnberg Hbf|Fürth(Bay)Hbf,Forchheim(Oberfr),2410282025,2410282027
21,-7763645446399850721-2410282110-3,N,RE,4940,1,Nürnberg Hbf|Fürth(Bay)Hbf,Forchheim(Oberfr),2410282125,2410282127
21,3911749645623024698-2410282153-1,S,S,39205,3,null,Erlangen Paul-Gossen-Straße|Erlangen-Bruck|Eltersdorf|Vach|Fürth-Klinikum|Fürth(Bay)Hbf|Nürnberg Rothenburger Str.|Nürnberg-Steinbühl|Nürnberg Hbf,null,2410282153
21,8619237711508485512-2410282106-5,S,S,39201,3,Forchheim(Oberfr)|Kersbach|Baiersdorf|Bubenreuth,Erlangen Paul-Gossen-Straße|Erlangen-Bruck|Eltersdorf|Vach|Fürth-Klinikum|Fürth(Bay)Hbf|Nürnberg Rothenburger Str.|Nürnberg-Steinbühl|Nürnberg Hbf|Feucht|Feucht Ost|Ochenbruck|Mimberg|Burgthann|Oberferrieden|Postbauer-Heng|Pölling|Neumarkt(Oberpf),2410282118,2410282119
21,-4304626523128912057-2410282138-3,N,RE,22348,1,Nürnberg Hbf|Fürth(Bay)Hbf,Forchheim(Oberfr),2410282152,2410282154
21,-6967658431534162260-2410282128-5,S,S,39203,3,Forchheim(Oberfr)|Kersbach|Baiersdorf|Bubenreuth,Erlangen Paul-Gossen-Straße|Erlangen-Bruck|Eltersdorf|Vach|Fürth-Klinikum|Fürth(Bay)Hbf|Nürnberg Rothenburger Str.|Nürnberg-Steinbühl|Nürnberg Hbf|Feucht|Feucht Ost|Ochenbruck|Mimberg|Burgthann|Oberferrieden|Postbauer-Heng|Pölling|Neumarkt(Oberpf),2410282140,2410282141
21,7896624566664729672-2410282120-2,N,RE,22331,4,Forchheim(Oberfr),Fürth(Bay)Hbf|Nürnberg Hbf,2410282127,2410282129
21,111059335157610098-2410282012-19,S,S,39198,2,Neumarkt(Oberpf)|Pölling|Postbauer-Heng|Oberferrieden|Burgthann|Mimberg|Ochenbruck|Feucht Ost|Feucht|Nürnberg Hbf|Nürnberg-Steinbühl|Nürnberg Rothenburger Str.|Fürth(Bay)Hbf|Fürth-Klinikum|Vach|Eltersdorf|Erlangen-Bruck|Erlangen Paul-Gossen-Straße,Bubenreuth|Baiersdorf|Kersbach|Forchheim(Oberfr),2410282113,2410282114
21,-6098448564321831998-2410282054-2,N,RE,22379,4,Forchheim(Oberfr),Fürth(Bay)Hbf|Nürnberg Hbf,2410282101,2410282103
21,9106971372230060674-2410282032-19,S,S,39200,2,Neumarkt(Oberpf)|Pölling|Postbauer-Heng|Oberferrieden|Burgthann|Mimberg|Ochenbruck|Feucht Ost|Feucht|Nürnberg Hbf|Nürnberg-Steinbühl|Nürnberg Rothenburger Str.|Fürth(Bay)Hbf|Fürth-Klinikum|Vach|Eltersdorf|Erlangen-Bruck|Erlangen Paul-Gossen-Straße,Bubenreuth|Baiersdorf|Kersbach|Forchheim(Oberfr),2410282134,2410282135
22,5069650830498297190-2410282112-19,S,S,39204,2,Neumarkt(Oberpf)|Pölling|Postbauer-Heng|Oberferrieden|Burgthann|Mimberg|Ochenbruck|Feucht Ost|Feucht|Nürnberg Hbf|Nürnberg-Steinbühl|Nürnberg Rothenburger Str.|Fürth(Bay)Hbf|Fürth-Klinikum|Vach|Eltersdorf|Erlangen-Bruck|Erlangen Paul-Gossen-Straße,Bubenreuth|Baiersdorf|Kersbach|Forchheim(Oberfr),2410282213,2410282214
22,8651021126246186153-2410282209-3,N,RE,22360,1,Nürnberg Hbf|Fürth(Bay)Hbf,Forchheim(Oberfr),2410282225,2410282227
22,5738068272006745117-2410282228-5,S,S,39211,3,Forchheim(Oberfr)|Kersbach|Baiersdorf|Bubenreuth,Erlangen Paul-Gossen-Straße|Erlangen-Bruck|Eltersdorf|Vach|Fürth-Klinikum|Fürth(Bay)Hbf|Nürnberg Rothenburger Str.|Nürnberg-Steinbühl|Nürnberg Hbf|Feucht|Feucht Ost|Ochenbruck|Mimberg|Burgthann|Oberferrieden|Postbauer-Heng|Pölling|Neumarkt(Oberpf),2410282240,2410282241
22,6802986311670029795-2410282132-19,S,S,39206,2,Neumarkt(Oberpf)|Pölling|Postbauer-Heng|Oberferrieden|Burgthann|Mimberg|Ochenbruck|Feucht Ost|Feucht|Nürnberg Hbf|Nürnberg-Steinbühl|Nürnberg Rothenburger Str.|Fürth(Bay)Hbf|Fürth-Klinikum|Vach|Eltersdorf|Erlangen-Bruck|Erlangen Paul-Gossen-Straße,Bubenreuth|Baiersdorf|Kersbach|Forchheim(Oberfr),2410282234,2410282235
22,-8254840343536881673-2410282206-5,S,S,39207,3,Forchheim(Oberfr)|Kersbach|Baiersdorf|Bubenreuth,Erlangen Paul-Gossen-Straße|Erlangen-Bruck|Eltersdorf|Vach|Fürth-Klinikum|Fürth(Bay)Hbf|Nürnberg Rothenburger Str.|Nürnberg-Steinbühl|Nürnberg Hbf|Feucht|Feucht Ost|Ochenbruck|Mimberg|Burgthann|Oberferrieden|Postbauer-Heng|Pölling|Neumarkt(Oberpf),2410282218,2410282219
22,-1703153198560759410-2410282154-2,N,RE,22365,4,Forchheim(Oberfr),Fürth(Bay)Hbf|Nürnberg Hbf,2410282201,2410282203
